{"count":26726,"projections":["5","25","125"],"defaultProjection":"25","extents":{"5":{"xmin":-2.4269814491271973,"xmax":19.847055435180664,"ymin":-5.557212829589844,"ymax":17.717777252197266},"25":{"xmin":-5.800116539001465,"xmax":7.238705158233643,"ymin":-2.207973003387451,"ymax":14.141291618347168},"125":{"xmin":1.6934598684310913,"xmax":14.051438331604004,"ymin":-0.18444742262363434,"ymax":12.714067459106445}},"contourGrids":{"5":{"x0":-3.317942924499512,"x1":20.73801691055298,"y0":-6.488212432861328,"y1":18.64877685546875},"25":{"x0":-6.321669406890869,"x1":7.760258026123047,"y0":-2.861943588256836,"y1":14.795262203216552},"125":{"x0":1.1991407299041748,"x1":14.545757470130921,"y0":-0.7003880178928376,"y1":13.230008054375649}},"dateMinDay":15538,"dateMaxDay":20602,"sources":{"0":"ASPI","1":"Lowy"}}